original,formatted,score,check,v1,v2,v3
Project Manager - EMEA Sales Operations , Project Manager - EMEA Sales Operations ,100,y,,,
Web Designer , Web Designer ,1000,y,,,
Graphic Artist and Web Designer , Graphic Artist and Web Designer ,1000,y,,,
CIO , CIO ,100,y,,,
Systems Engineer , Systems Engineer ,1000,y,,,
Role &ndash; Sr. Hyperion Lead &amp; Admin , Role &ndash; Sr. Hyperion Lead &amp; administrator ,89,n,,,
Sales Development Manager/SE Manager,,0,n,,,
Vice President Storage &amp; Trading , Vice President Storage amp Trading ,1000,y,,,
IT Systems Engineer , IT Systems Engineer ,1000,y,,,
Drilling Engineer , Drilling Engineer ,1000,y,,,
Consultant Drilling Fluids and Cement Supervisor , Consultant Drilling Fluids and Cement Supervisor ,1000,y,,,
Senior Sales Representative , Senior Sales Representative ,1000,y,,,
Web Production Manager , Web Production Manager ,1000,y,,,
Project Planner , Project Planner ,1000,y,,,
Developer , Developer ,1000,y,,,
Platform Engineer , Platform Engineer ,1000,y,,,
SAP BI Architect , SAP BI Architect ,1000,y,,,
Manager , Manager ,1000,y,,,
Validation Engineer , Validation Engineer ,1000,y,,,
Senior Development Manager , Senior Development Manager ,1000,y,,,
Director of SAP Cloud Support China Center , Director of SAP Cloud Support China Center ,1000,y,,,
Sr. Engineer , Sr Engineer ,1000,y,,,
E-Commerce Project Manager ,  ,0,n,,,
Designer , Designer ,1000,y,,,
UX Designer / Developer , User experience design Designer / Developer ,67,y,,,
Associate Scientist , Associate Scientist ,1000,y,,,
Associate Consultant , Associate Consultant ,1000,y,,,
Web Designer , Web Designer ,1000,y,,,
Software Engineer , Software Engineer ,1000,y,,,
Lead Gameplay Designer, Lead Gameplay Designer,100,y,,,
Software Engineer , Software Engineer ,1000,y,,,
Bridal Wear Sales Assistant , Bridal Wear Sales Assistant ,1000,y,,,
Консультант SAP ,  ,0,n,,,
Consumer Care Analyst , Consumer Care Analyst ,1000,y,,,
Product Line Manager - IWS Integrated Completion ,  ,0,n,,,
Senior Staff Member , Senior Staff Member ,1000,y,,,
VMware Administrator , VMware Administrator ,100,y,,,
Subsea Field Engineer , Subsea Field Engineer ,100,y,,,
Technical marketeer , Technical marketeer ,1000,y,,,
Programmer/Analyst ,  ,0,n,,,
Designer , Designer ,1000,y,,,
Customer Support Representative , Customer Support Representative ,1000,y,,,
Java/.Net Developer ,  ,0,n,,,
Assistant Manager/Product Management,Assistant Manager/Product Management,1000,y,,,
Completions Engineer , Completions Engineer ,1000,y,,,
Tools and Technology Department , Tools and Technology Department ,1000,y,,,
Senior Front End Developer , Senior Front End Developer ,1000,y,,,
web designer , web designer ,1000,y,,,
Senior Software Engineer , Senior Software Engineer ,1000,y,,,
Customer Service , Customer Service ,1000,y,,,
General Manager , General Manager ,1000,y,,,
Software Engineer , Software Engineer ,1000,y,,,
Artist | Designer , Artist  Designer ,1000,y,,,
Flash Development Engineer , Flash Development Engineer ,1000,y,,,
Network Specialist , Network Specialist ,1000,y,,,
Senior Consultant , Senior Consultant ,1000,y,,,
Associate Product Manager , Associate Product Manager ,1000,y,,,
R&amp;D Vice Director ,  ,0,n,,,
Sr. Web Developer / Project Lead , Sr Web Developer  Project Lead ,1000,y,,,
Head of Converged Sales , Head of Converged Sales ,1000,y,,,
SAP BI Consultant , SAP BI Consultant ,1000,y,,,
Systems Engineer , Systems Engineer ,1000,y,,,
Product Manager - Sify Voice Business ,  ,0,n,,,
functional consultant , functional consultant ,1000,y,,,
System engineer / Web programmer , System engineer  Web programmer ,1000,y,,,
Principal Hardware Development Engineer , Principal Hardware Development Engineer ,1000,y,,,
Network Manager , Network Manager ,1000,y,,,
SAP support analyst , SAP support analyst ,1000,y,,,
Senior C++ , Senior C ++,1000,y,,,
Engineer , Engineer ,1000,y,,,
Lead/Senior UNIX Systems Administrator ,  ,0,n,,,
Internetwork Solutions Engineer , Internetwork Solutions Engineer ,1000,y,,,
Shift Manager , Shift Manager ,1000,y,,,
Technical Support , Technical Support ,1000,y,,,
SAP BI/BW/HANA Consultant , SAP BI/BE/HANA Consultant ,96,y,,,
Сhief Engineer ,  ,0,n,,,
Marketing Assistant , Marketing Assistant ,1000,y,,,
Marketing and Advertising; 1001-5000 employees; HQ:Japan ,  ,0,n,,,
Marketing , Marketing ,1000,y,,,
Designer/developer ,  ,0,n,,,
Senior Developer , Senior Developer ,1000,y,,,
Senior Manager / Distributor Sales Dept. , Senior Manager  Distributor Sales Dept ,1000,y,,,
Senior Software Engineer , Senior Software Engineer ,1000,y,,,
Logistic and IT Manager , Logistic and IT Manager ,1000,y,,,
 Best Shore Application Services , Best Shore Application Services ,1000,y,,,
Marketing and Sales Promotion Dept. , Marketing and Sales Promotion Dept ,1000,y,,,
Senior Product Manager , Senior Product Manager ,1000,y,,,
Lead Software Engineer , Lead Software Engineer ,1000,y,,,
Manager  Broadband Content Div. , Manager Broadband Content Div ,1000,y,,,
Teamsite Content Specialist ,  ,0,n,,,
Gerrit Developer ,  ,0,n,,,
Software Developer Intern , Software Developer Intern ,1000,y,,,
Teacher , Teacher ,1000,y,,,
Solutions Director , Solutions Director ,1000,y,,,
Senior Manager  Development , Senior Manager Development ,1000,y,,,
GTS COO ,  ,0,y,,,
Network Engineer , Network Engineer ,1000,y,,,
Quantitative Business Analyst , Quantitative Business Analyst ,1000,y,,,
Regional Counsel EMEA , Regional Counsel EMEA ,100,y,,,
Technical Consultant , Technical Consultant ,1000,y,,,
Solution Architect , Solution Architect ,1000,y,,,
Software developer , Software developer ,1000,y,,,
Network Engineer , Network Engineer ,1000,y,,,
Technical Recruiting Consultant , Technical Recruiting Consultant ,1000,y,,,
Software Architect , Software Architect ,1000,y,,,
Warehouse Supervisor , Warehouse Supervisor ,1000,y,,,
Clinical Manager , Clinical Manager ,1000,y,,,
Senior Lead E-Commerce Developer ,  ,0,n,,,
UK Manufacturing IT Manager , UK Manufacturing IT Manager ,1000,y,,,
Sr. Systems Engineer/Sr. Editor ,  ,0,n,,,
National Distribution Centre Productivity Manager , National Distribution Center Productivity Manager ,98,y,,,
Advisor , Advisor ,1000,y,,,
Java and Salesforce Admin/Developer , Java and Salesforce administrator/Developer ,87,y,,,
Graduate Research Engineer , Graduate Research Engineer ,1000,y,,,
Senior Systems Engineer and Administrator , Senior Systems Engineer and Administrator ,1000,y,,,
Solutions Architect - Enterprise Integration Services , Solutions Architect  Enterprise Integration Services ,1000,y,,,
Resourcing Advisor , Resourcing Advisor ,1000,y,,,
Network Engineer , Network Engineer ,1000,y,,,
Senior Director , Senior Director ,1000,y,,,
Teir II Systems Analyst ,  ,0,n,,,
Marketing Associate , Marketing Associate ,1000,y,,,
Senior SAN/Storage Admin , Senior SAN/Storage administrator ,82,y,,,
Research Engineer , Research Engineer ,1000,y,,,
DBA , DAB ,67,n,,,
Test Lead , Test Lead ,1000,y,,,
Lead Architect , Lead Architect ,1000,y,,,
CG Artist... , CG Artist ,1000,y,,,
Software Engineer , Software Engineer ,1000,y,,,
Sr. Software Engineer/Consultant ,  ,0,n,,,
Information Management Services Trainee , Information Management Services Trainee ,1000,y,,,
Associate Brand Manager , Associate Brand Manager ,1000,y,,,
Staffing Manager , Staffing Manager ,1000,y,,,
2009 NADOA Hospitality Chair ,  ,0,n,,,
Mechanical Design Engineer , Mechanical Design Engineer ,1000,y,,,
 Mobile Developer Palm Pilot C  C , Mobile Developer Palm Pilot C  C ,1000,y,,,
Technical Support Team Manager , Technical Support Team Manager ,1000,y,,,
Account Planner , Account Planner ,1000,y,,,
UI Developer &amp; Digital Media Strategist , User interface Developer &amp; Digital Media Strategist ,86,y,,,
Marketing Director , Marketing Director ,1000,y,,,
Risk Underwriter , Risk Underwriter ,1000,y,,,
SAP BW Consultant , SAP BE Consultant ,94,n,,,
IT Audit Manager , IT Audit Manager ,1000,y,,,
Information Systems Intern , Information Systems Intern ,1000,y,,,
SAP BI Consultant - Managing Consultant , SAP BI Consultant  Managing Consultant ,1000,y,,,
IOS Software Engineer ,  ,0,n,,,
Enterprise Risk Manager , Enterprise Risk Manager ,1000,y,,,
PEOPLESOFT CONSULTANT , PEOPLE SOFT CONSULTANT ,98,y,,,
Gameplay programmer , Gameplay programmer ,100,n,,,
QA Engineer , QA Engineer ,1000,y,,,
Civil Engineer , Civil Engineer ,1000,y,,,
C developer with focus on Databases , C developer with focus on Databases ,1000,y,,,
Business Systems Analyst , Business Systems Analyst ,1000,y,,,
Assistant University Registrar , Assistant University Registrar ,1000,y,,,
Sr. QA Analyst &ndash; Automation Team Leader , Sr. QA Analyst &ndash; Automation Team Leader ,100,n,,,
Managing Consultant , Managing Consultant ,1000,y,,,
CRM System Administrator , Customer relationship management System Administrator ,57,y,,,
Senior Tools Lead , Senior Tools Lead ,1000,y,,,
Co-Founder ,  ,0,n,,,
International Account Executive , International Account Executive ,1000,y,,,
Senior Safety Case Author , Senior Safety Case Author ,1000,y,,,
Customer advisor , Customer advisor ,1000,y,,,
Geologist / Log Analyst , Geologist  Log Analyst ,1000,y,,,
ECM Consultant ,  ,0,n,,,
Technical Consultant , Technical Consultant ,1000,y,,,
Team Specialist Accounts Receivable &amp; Credit Management , Team Specialist Accounts Receivable amp Credit Management ,1000,y,,,
CRM Project Manager , Customer relationship management Project Manager ,51,y,,,
Project Manager , Project Manager ,1000,y,,,
Chief of Investment Projects , Chief of Investment Projects ,1000,y,,,
Tech Support Programmer , Tech Support Programmer ,1000,y,,,
Asia Pacific Network Support Manager , Asia Pacific Network Support Manager ,1000,y,,,
Geologist , Geologist ,1000,y,,,
Consultant , Consultant ,1000,y,,,
IT Support Specialist , IT Support Specialist ,1000,y,,,
CEO / Stereoscopic Director , CEO  Stereoscopic Director ,1000,y,,,
Manager , Manager ,1000,y,,,
Consultant in Anaesthesia and Intensive Care , Consultant in Anesthesia and Intensive Care ,99,y,,,
FY2 Doctor ,  ,0,n,,,
Sr. Planning Manager , Sr Planning Manager ,1000,y,,,
Web Developer , Web Developer ,1000,y,,,
Geophysicist and Technical Specialist for OpendTect /etc ,  ,0,n,,,
TECHNICAL SUPPORT REPRESENTATIVE , TECHNICAL SUPPORT REPRESENTATIVE ,1000,y,,,
Senior Environmental Artist , Senior Environmental Artist ,1000,y,,,
Director Of Marketing , Director Of Marketing ,1000,y,,,
Land Consultant , Land Consultant ,1000,y,,,
Technical Director , Technical Director ,1000,y,,,
Engineering Intern , Engineering Intern ,1000,y,,,
Director of Engineering , Director of Engineering ,1000,y,,,
Senior User Experience Designer , Senior User Experience Designer ,1000,y,,,
User Experience Manager &amp; Architect (Executive Level) , User Experience Manager amp Architect Executive Level ,1000,y,,,
Graphic Artist and Programmer. ,Graphic Artist and Programmer. ,1000,y,,,88
Freelance Designer Developer/Programmer ,  ,0,n,,,
Principal Programmer , Principal Programmer ,1000,y,,,
Sharepoint Consultant , Share point Consultant ,98,y,,,
Business Development Manager , Business Development Manager ,1000,y,,,
Software Engineer , Software Engineer ,1000,y,,,
Programming Technician , Programming Technician ,1000,y,,,
Product Manager , Product Manager ,1000,y,,,
Member , Member ,1000,y,,,
Sap Bi Consultant , Sap Bi Consultant ,1000,y,,,
Web Team Leader , Web Team Leader ,1000,y,,,
Mechanical Project Engineer - EPC &amp; Fabrication Dept. ,  ,0,n,,,
Co-Founder ,  ,0,n,,,
Sr. Software Engineer , Sr Software Engineer ,1000,y,,,
Co-Founder ,  ,0,n,,,
Manager Analytics , Manager Analytics ,1000,y,,,
Head of IT , Head of IT ,1000,y,,,
 Lead Data Engineer Platform Development , Lead Data Engineer Platform Development ,1000,y,,,
Administrative Manager / Accountant , Administrative Manager  Accountant ,1000,y,,,
Intern , Intern ,1000,y,,,
NetSuite Administrator / Business Analyst ,  ,0,n,,,
Benefits Analyst/Oracle Support ,  ,0,n,,,
Linesman , Linesman ,1000,y,,,
Project Lead , Project Lead ,1000,y,,,
Senior Software Developer , Senior Software Developer ,1000,y,,,
International accountant , International accountant ,1000,y,,,
 Director Database amp Technology , Director Database amp Technology ,1000,y,,,
Partner &amp; Global Head - Presales and SEO (Sales Enablement) , Partner &amp; Global Head - Presales and Search engine optimization (Sales Enablement) ,82,y,,,
Principal Software Engineer , Principal Software Engineer ,1000,y,,,
Software Engineer , Software Engineer ,1000,y,,,
Assistant , Assistant ,1000,y,,,
 Consumer and Social Media Marketing, Consumer and Social Media Marketing,1000,y,,,
It Manager , It Manager ,1000,y,,,
.NET Masters Student , NET Masters Student ,1000,y,,,
Managing Director of Business Development , Managing Director of Business Development ,1000,y,,,
Regional Sales Manager , Regional Sales Manager ,1000,y,,,
Future Blue Team Lead , Future Blue Team Lead ,1000,y,,,
Team Lead , Team Lead ,1000,y,,,
Head of Research and Development of Professional Expertise , Head of Research and Development of Professional Expertise ,1000,y,,,
Web Development Contractor , Web Development Contractor ,1000,y,,,
Senior Product Manager , Senior Product Manager ,1000,y,,,
Quote to Cash Controller , Quote to Cash Controller ,1000,y,,,
Enterprise Architect , Enterprise Architect ,1000,y,,,
 Emerging Markets &amp; Fixed Income , Emerging Markets &amp; Fixed Income ,85,n,,,
Technical Account Manager , Technical Account Manager ,1000,y,,,
Director , Director ,1000,y,,,
Associate Director , Associate Director ,1000,y,,,
Account Supervisor , Account Supervisor ,1000,y,,,
Energy Advisor , Energy Advisor ,1000,y,,,
Reservoir Engineer , Reservoir Engineer ,1000,y,,,
Piping Engineer / Piping Designer , Piping Engineer  Piping Designer ,1000,y,,,
Software Analysis &amp; Developver , Software Analysis &amp; Developer ,99,y,,,
Field Service Marketing Manager , Field Service Marketing Manager ,1000,y,,,
Community Manager for SHSO ,  ,0,n,,,
Palletizer ,  ,0,n,,,
Interactive Producer , Interactive Producer ,1000,y,,,
Six Sigma Black Belt / Process Improvement Engineer , Six Sigma Black Belt  Process Improvement Engineer ,1000,y,,,
Financial Software Engineer Consultant , Financial Software Engineer Consultant ,1000,y,,,
Sales Consultant UC &amp; C ,  ,0,n,,,
Environmental Coordinator , Environmental Coordinator ,1000,y,,,
User Generated Content Analyst , User Generated Content Analyst ,1000,y,,,
Support Specialist , Support Specialist ,1000,y,,,
Programmer , Programmer ,1000,y,,,
Consultant , Consultant ,1000,y,,,
Cyber Security Intern ,  ,0,n,,,
Systems Administrator / Database Administrator , Systems Administrator  Database Administrator ,1000,y,,,
Operations Management Leadership Program , Operations Management Leadership Program ,1000,y,,,
Developer , Developer ,1000,y,,,
Desktop Engineer / Client Engineer (Consultant) , Desktop Engineer  Client Engineer Consultant ,1000,y,,,
Lead Commercial Manager - International , Lead Commercial Manager  International ,1000,y,,,
IT Architect,Managing Consultant ,  ,n,,,
Quality Analyst , Quality Analyst ,1000,y,,,
Lab manager , Lab manager ,1000,y,,,
Business Intelligence Consultant , Business Intelligence Consultant ,1000,y,,,
Safety Officer , Safety Officer ,1000,y,,,
System Test Analyst , System Test Analyst ,1000,y,,,
Software Engineer , Software Engineer ,1000,y,,,
 Marketing Manager User Acquisition , Marketing Manager User Acquisition ,1000,y,,,
Methodology Maven , Methodology Maven ,1000,y,,,
Project Manager - Electricity Alliance Central , Project Manager  Electricity Alliance Central ,1000,y,,,
Projects Group Manager , Projects Group Manager ,1000,y,,,
Quality Assurance Engineer , Quality Assurance Engineer ,1000,y,,,
Manager , Manager ,1000,y,,,
Software Engineering Team Leader , Software Engineering Team Leader ,1000,y,,,
Director Of Business Development , Director Of Business Development ,1000,y,,,
SCRUM Master , SCRUM Master ,1000,y,,,
Business Manager , Business Manager ,1000,y,,,
Subsea Hardware Engineer - Prelude FLNG , Subsea Hardware Engineer - Prelude FLNG ,100,n,,,
Instrument Engineer , Instrument Engineer ,1000,y,,,
Business Intelligence Analyst , Business Intelligence Analyst ,1000,y,,,
Runner , Runner ,1000,y,,,
National Account Manager &ndash; Distribution Sales , National Account Manager &ndash; Distribution Sales ,100,n,,,
Project Manager , Project Manager ,1000,y,,,
Assistant Area Manager , Assistant Area Manager ,1000,y,,,
Principal C&amp;I PMC SABIC / SHARQ Ethylene Project, KSA. ,  ,n,,,
Web Business Analyst , Web Business Analyst ,1000,y,,,
Oracle Build Team Functional Consultant , Oracle Build Team Functional Consultant ,1000,y,,,
IT Management Consultant (Xansa) ,  ,0,n,,,
Global Head - Sales &amp; Consultancy, TCS Financial Solutions ,  ,n,,,
Project Manager - PPR , Project Manager  PPR ,1000,y,,,
Analyst , Analyst ,1000,y,,,
Technical Consultant , Technical Consultant ,1000,y,,,
Drilling Engineer , Drilling Engineer ,1000,y,,,
Assistant Controller , Assistant Controller ,1000,y,,,
Senior Software Engineer , Senior Software Engineer ,1000,y,,,
Lead Geoscientist , Lead Geo scientist ,97,y,,,
Intern , Intern ,1000,y,,,
Sr. VoIP Engineer ,  ,0,n,,,
Senior Account Executive , Senior Account Executive ,1000,y,,,
Key Account Manager , Key Account Manager ,1000,y,,,
Investment Banking Summer Intern , Investment Banking Summer Intern ,1000,y,,,
Sales Director , Sales Director ,1000,y,,,
Sr. Sales Engineer , Sr Sales Engineer ,1000,y,,,
Telecom Engineer , Telecoms Engineer ,97,y,,,
Channel Manager &ndash; Wholesale Cash &amp; Carry , Channel Manager &ndash; Wholesale Cash &amp; Carry ,100,n,,,
Student Electrical Engineer , Student Electrical Engineer ,1000,y,,,
Technology Sales Account Manager for BNP Paribas and AXA Group (Financial Services) ,  ,0,n,,,
Regulatory Liaison &amp; Stratetgy - Cardiovascular portfolio ,  ,0,n,,,
Technology Consultant/analyst ,  ,0,n,,,
Lead Engineer / Technical Consultant / Manager , Lead Engineer  Technical Consultant  Manager ,1000,y,,,
Application Consultant , Application Consultant ,1000,y,,,
Flexible pipe Enginee&amp; Leader ,  ,0,n,,,
Consultant , Consultant ,1000,y,,,
 &amp; EU project leader , &amp; EU project leader ,1000,y,,,
Artistic Assessor - Theatre and Visual arts ,  ,0,n,,,
Junior Partner Account Manager , Junior Partner Account Manager ,1000,y,,,
Network Design Engineer , Network Design Engineer ,1000,y,,,
Software-Engineer/analyst ,  ,0,n,,,
Contract Recruiter for CTO , Contract Recruiter for chief technology officer  ,62,y,,,
Associate , Associate ,1000,y,,,
Development Manager , Development Manager ,1000,y,,,
Senior Business Applications Release Manager , Senior Business Applications Release Manager ,1000,y,,,
 Internship in Administration Finance and Marketing , Internship in Administration Finance and Marketing ,1000,y,,,
Staff Information Systems Analyst , Staff Information Systems Analyst ,1000,y,,,
Field Specialist , Field Specialist ,1000,y,,,
System Operator , System Operator ,1000,y,,,
Process Engineer , Process Engineer ,1000,y,,,
Reservoir Engineer (Behr Springs Project) ,  ,0,n,,,
Head of Baseline Management , Head of Baseline Management ,1000,y,,,
Android Developer , Android Developer ,1000,y,,,
Android Developer , Android Developer ,1000,y,,,
Project Manager Dedicated Teams , Project Manager Dedicated Teams ,1000,y,,,
Senior Software Developer and Onsite Coordinator , Senior Software Developer and Onsite Coordinator ,100,n,,,
REACH Registration Officer , REACH Registration Officer ,1000,y,,,
Lead Technical Recruiter , Lead Technical Recruiter ,1000,y,,,
Consultant , Consultant ,1000,y,,,
Software Engineer , Software Engineer ,1000,y,,,
Trade Accounts Payable , Trade Accounts Payable ,1000,y,,,
Teamleader Inbound Support Office , Team leader Inbound Support Office ,99,y,,,
Structural Project Engineer , Structural Project Engineer ,1000,y,,,
Oracle Dba , Oracle Eba ,90,y,,,
Sales Representative , Sales Representative ,1000,y,,,
Software Business Manager , Software Business Manager ,1000,y,,,
 Technical Lead as a consultant , Technical Lead as a consultant ,1000,y,,,
Sales Manager - Andean Region and Central America , Sales Manager  Andean Region and Central America ,1000,y,,,
Strategic Account Executive Marketing Cloud , Strategic Account Executive Marketing Cloud ,1000,y,,,
ITS Alliance Offering Leader , ITS Alliance Offering Leader ,1000,y,,,
Product Manager , Product Manager ,1000,y,,,
Ceo ,  ,0,n,,,
Sales Manager , Sales Manager ,1000,y,,,
Web Content Developer , Web Content Developer ,1000,y,,,
DW engineer ,  ,0,n,,,
Account Manager , Account Manager ,1000,y,,,
Account Manager - Business and Professional Services , Account Manager  Business and Professional Services ,1000,y,,,
Sales and Marketing Manager , Sales and Marketing Manager ,1000,y,,,
Solutions Sales Executive, EPM &amp; GRC ,  ,n,,,
Head Of Relationship Management Europe , Head Of Relationship Management Europe ,1000,y,,,
Service Account Executive , Service Account Executive ,1000,y,,,
Network Engineer , Network Engineer ,1000,y,,,
Programmer Analyst , Programmer Analyst ,1000,y,,,
Android Developer , Android Developer ,1000,y,,,
Project Controller , Project Controller ,1000,y,,,
Sales Manager , Sales Manager ,1000,y,,,
Energy Sector Senior Procurement Manager , Energy Sector Senior Procurement Manager ,1000,y,,,
Vice President of Sales, East ,75,n,,,
Senior Quality Engineer , Senior Quality Engineer ,1000,y,,,
Senior Financial Analyst , Senior Financial Analyst ,1000,y,,,
Senior Consultant - Sr. BSA , Senior Consultant  Sr BSA ,1000,y,,,
Designer And Deploying , Designer And Deploying ,1000,y,,,
Advertising Manager , Advertising Manager ,1000,y,,,
Kitchen Assistant , Kitchen Assistant ,1000,y,,,
Project Manager - Enterprise Infrastructure &amp; Cisco IT Cloud Business Continuity - Q2O PG&amp;E , Project Manager - Enterprise Infrastructure &amp; Cisco IT Cloud Business Continuity - Q2O PG&amp;E ,100,n,,,
Account Executive , Account Executive ,1000,y,,,
Technical Support Specialist , Technical Support Specialist ,1000,y,,,
Technical Sales Consultant , Technical Sales Consultant ,1000,y,,,
Business Analyst , Business Analyst ,1000,y,,,
Database Developer / DBA , Database Developer / DAB ,96,y,,,
Market Research Analyst , Market Research Analyst ,1000,y,,,
Sr. Geologist/Geophysicist ,  ,0,n,,,
IT Developer , IT Developer ,1000,y,,,
Lead Consultant , Lead Consultant ,1000,y,,,
Applied Research Intern , Applied Research Intern ,1000,y,,,
Trading Systems Regional Sales Manager , Trading Systems Regional Sales Manager ,1000,y,,,
QA &amp; Certification Tester , QA amp Certification Tester ,1000,y,,,
Project Coordinator , Project Coordinator ,1000,y,,,
Sr. Systems Analyst/PM, Consultant to Mediation ,  ,n,,,
Project Finance Executive , Project Finance Executive ,1000,y,,,
Investments Compliance, Private Bank ,26,n,,,
Sr Acct Exec , Sr Acct Exec ,1000,y,,,
Web Analytics Intern , Web Analytics Intern ,1000,y,,,
Total Rewards Director , Total Rewards Director ,1000,y,,,
Partner Sales Manager , Partner Sales Manager ,1000,y,,,
Sales Advisor on Structured Products , Sales Advisor on Structured Products ,1000,y,,,
Associate Director , Associate Director ,1000,y,,,
Business Transformation Leadership Development Program - Developer Analyst II , Business Transformation Leadership Development Program  Developer Analyst II ,1000,y,,,
Product Manager (ICT) , Product Manager (ICT) ,100,n,,,
QA Engineer , QA Engineer ,1000,y,,,
Senior Producer , Senior Producer ,1000,y,,,
QA Officer , QA Officer ,1000,y,,,
Consultant , Consultant ,1000,y,,,
Quality Assurance Engineer , Quality Assurance Engineer ,1000,y,,,
Head of Sales Americas - RiskMetrics Group , Head of Sales Americas - Risk Metrics Group ,99,y,,,
Engineering Project Manager , Engineering Project Manager ,1000,y,,,
Teaching Assistant , Teaching Assistant ,1000,y,,,
Project Management Consultant , Project Management Consultant ,1000,y,,,
Lead Ruby On Rails Developer , Lead Ruby On Rails Developer ,1000,y,,,
ManagerManager, Interactive Media ,85,n,,,
Software Engineer , Software Engineer ,1000,y,,,
Researcher , Researcher ,1000,y,,,
Manager , Manager ,1000,y,,,
Principal S/W Application Engineer , Principal SW Application Engineer ,1000,y,,,
 Advertisement , Advertisement ,1000,y,,,
Territory Sales Manager , Territory Sales Manager ,1000,y,,,
Systems Engineer , Systems Engineer ,1000,y,,,
Senior engineer , Senior engineer ,1000,y,,,
Solution Director , Solution Director ,1000,y,,,
System/Software Engineer, Founder ,  ,n,,,
System/Software Engineer, Founder ,  ,n,,,
Network engineer , Network engineer ,1000,y,,,
Product Manager , Product Manager ,1000,y,,,
Software Engineer , Software Engineer ,1000,y,,,
Global Downstream lead , Global Downstream lead ,1000,y,,,
Tools Programmer , Tools Programmer ,1000,y,,,
Senior Manager And Engineer , Senior Manager And Engineer ,1000,y,,,
Senior Researcher And Engineer , Senior Researcher And Engineer ,1000,y,,,
Program Manager , Program Manager ,1000,y,,,
Executive Recruiter , Executive Recruiter ,1000,y,,,
Senior Data Architect , Senior Data Architect ,1000,y,,,
Lead Tools Programmer , Lead Tools Programmer ,1000,y,,,
Research Associate, Mech. Eng. Department ,  ,n,,,
Consultant / Director , Consultant  Director ,1000,y,,,
Deep Water Venture Leader , Deep Water Venture Leader ,1000,y,,,
Software Developer , Software Developer ,1000,y,,,
Product Manager , Product Manager ,1000,y,,,
Sr Project Manager QA , Sr Project Manager QA ,1000,y,,,
Technical Service Engineer , Technical Service Engineer ,1000,y,,,
UNIX/Linux Support Specialist ,  ,0,n,,,
Subsurface Data Manager , Subsurface Data Manager ,1000,y,,,
Software Engineer , Software Engineer ,1000,y,,,
S/W Engineer and FAE , SW Engineer and FAE ,1000,y,,,
Systems Administrator , Systems Administrator ,1000,y,,,
Consultant , Consultant ,1000,y,,,
Chief Architect , Chief Architect ,1000,y,,,
Service Delivery Coordinator , Service Delivery Coordinator ,1000,y,,,
Relationship Management Associate, Stategic Accounts ,  ,n,,,
SOA Enterprise Architect , service-oriented architecture Enterprise Architect ,57,y,,,
Assistant to Music Promotion Director , Assistant to Music Promotion Director ,1000,y,,,
Junior Naval Architect , Junior Naval Architect ,1000,y,,,
Sr. UX Designer , Sr. User experience design Designer ,56,y,,,
Senior Developer , Senior Developer ,1000,y,,,
Sr Technical Consultant/Project Manager ,  ,0,n,,,
Product Marketing Manager , Product Marketing Manager ,1000,y,,,
Product Marketing Manager Consultant , Product Marketing Manager Consultant ,1000,y,,,
Director of IT Services , Director of IT Services ,1000,y,,,
Servicetekniker ,  ,0,n,,,
Senior Project Manager , Senior Project Manager ,1000,y,,,
Sr. Product Manager and Sr. Lead Web Engineer , Sr Product Manager and Sr Lead Web Engineer ,1000,y,,,
Associate Director,Associate Director,1000,y,,,
UX DESIGNER / DEVELOPER , User experience design DESIGNER / DEVELOPER ,67,y,,,
UX DESIGNER / DEVELOPER , User experience design DESIGNER / DEVELOPER ,67,y,,,
M&aring;letekniker ,  ,0,n,,,
Senior Linux Systems Engineer , Senior Linux Systems Engineer ,1000,y,,,
Executive Director - Business Information Risk , Executive Director  Business Information Risk ,1000,y,,,
Principal Consultant , Principal Consultant ,1000,y,,,
Controller , Controller ,1000,y,,,
Sr. Product Marketing Manager , Sr Product Marketing Manager ,1000,y,,,
Director , Director ,1000,y,,,
Tool programmer , Tool programmer ,1000,y,,,
Senior Sw Sales Specialist-Tivoli , Senior Sw Sales Specialist-Tivoli ,100,n,,,
Rail Design Engineer , Rail Design Engineer ,1000,y,,,
Assistant Media Planner , Assistant Media Planner ,1000,y,,,
Retail Technical Services , Retail Technical Services ,1000,y,,,
Systems Administrator , Systems Administrator ,1000,y,,,
 Chief Operating Officer , Chief Operating Officer ,1000,y,,,
Software Engineer , Software Engineer ,1000,y,,,
GLA ,  ,0,n,,,
Co-Founder ,  ,0,n,,,
Technical Consultant , Technical Consultant ,1000,y,,,
IT Support Team Leader , IT Support Team Leader ,1000,y,,,
Service Desk Analyst , Service Desk Analyst ,1000,y,,,
Health and Safety , Health and Safety ,1000,y,,,
Senior HSE Advisor , Senior HSE Advisor ,100,n,,,
QA Associate I , QA Associate I ,1000,y,,,
Validation Specialist , Validation Specialist ,1000,y,,,
Company man , Company man ,1000,y,,,
Metalurgy Engineer Trainee , Metallurgy Engineer Trainee ,98,y,,,
Market/Due Diligence Anaylst ,  ,0,n,,,
Senior Systems Engineer , Senior Systems Engineer ,1000,y,,,
Sr Storage Engineer , Sr Storage Engineer ,1000,y,,,
Intermediate Programmer (contract) , Intermediate Programmer contract ,1000,y,,,
Advisory Board , Advisory Board ,1000,y,,,
Assistant System Engineer , Assistant System Engineer ,1000,y,,,
Microbiological Process Monitoring , Microbiological Process Monitoring ,1000,y,,,
Senior Project Manager , Senior Project Manager ,1000,y,,,
Project Finance Manager , Project Finance Manager ,1000,y,,,
Network Engineer , Network Engineer ,1000,y,,,
Network strategy and security manager. CTO , Network strategy and security manager. chief technology officer  ,74,y,,,
 Product Manager Cloud Solutions , Product Manager Cloud Solutions ,1000,y,,,
Rigger , Rigger ,1000,y,,,
Software Engineering Intern , Software Engineering Intern ,1000,y,,,
Software Engineer , Software Engineer ,1000,y,,,
Network Manager , Network Manager ,1000,y,,,
 Financial Applications , Financial Applications ,1000,y,,,
 Sales Director Americas , Sales Director Americas ,1000,y,,,
Business Development Director - SAP Industries , Business Development Director  SAP Industries ,1000,y,,,
.Net Developer , Net Developer ,1000,y,,,
 ASE Technical Operations , ASE Technical Operations ,1000,y,,,
Network Expert , Network Expert ,1000,y,,,
Software Engineer , Software Engineer ,1000,y,,,
Contract Artist , Contract Artist ,1000,y,,,
Senior Network Engineer , Senior Network Engineer ,1000,y,,,
Manager,Manager,1000,y,,,
Senior Product Manager , Senior Product Manager ,1000,y,,,
Software developer , Software developer ,1000,y,,,
Founder  Portfolio Manager , Founder Portfolio Manager ,1000,y,,,
Corporate Officer SAP , Corporate Officer SAP ,1000,y,,,
Platform Product Manager , Platform Product Manager ,1000,y,,,
Advisory Systems Developer , Advisory Systems Developer ,1000,y,,,
Lead programming writer , Lead programming writer ,1000,y,,,
Senior Drilling Supervisor , Senior Drilling Supervisor ,1000,y,,,
Pre-Sales Consultant , Pre-Sales Consultant ,100,n,,,
Senior Well Site Leader , Senior Well Site Leader ,1000,y,,,
Chief Manager , Chief Manager ,1000,y,,,
Validation Engineer , Validation Engineer ,1000,y,,,
Systems Administrator , Systems Administrator ,1000,y,,,
IT Service Support Engineer , IT Service Support Engineer ,1000,y,,,
Senior consultant in IT Systems , Senior consultant in IT Systems ,1000,y,,,
Eisen Strand ,  ,0,n,,,
Software Architect , Software Architect ,1000,y,,,
Chief Software Architect , Chief Software Architect ,1000,y,,,
IT Security Consultant , IT Security Consultant ,1000,y,,,
Mid-Level Network Engineer ,  ,0,n,,,
Staff Accountant , Staff Accountant ,1000,y,,,
Drilling Engineer , Drilling Engineer ,1000,y,,,
Quantity Surveyor , Quantity Surveyor ,1000,y,,,
Graduate Surveyor , Graduate Surveyor ,1000,y,,,
Assistant Surveyor , Assistant Surveyor ,1000,y,,,
Turbine Technology Manager , Turbine Technology Manager ,1000,y,,,
VP Web Development , VP Web Development ,1000,y,,,
HR Administrator , HR Administrator ,1000,y,,,
Senior Consultant Financial Services , Senior Consultant Financial Services ,1000,y,,,
Web Developer / Computer Programmer , Web Developer  Computer Programmer ,1000,y,,,
Senior Concept and UI Artist , Senior Concept and User interface Artist ,79,y,,,
Business Intelligence Architect Data Warehouse Developer SSIS ETL SSRS C# .NET SQL DBA , Business Intelligence Architect Data Warehouse Developer SSIS Extract,88,n,,,
Sr DBA &amp; Systems Programmer , Sr DAB &amp; Systems Programmer ,97,y,,,
Software Engineer , Software Engineer ,1000,y,,,
Lead Completion/Commissioning Engineer ,  ,0,n,,,
Lead DSP Systems Engineer ,  ,0,n,,,
WebSphere SOA Specialist - through Wipro , WebSphere service-oriented architecture Specialist - through Wipro ,70,y,,,
Assistant Director , Assistant Director ,1000,y,,,
Account Executive , Account Executive ,1000,y,,,
Product Manager - Enterprise Risk Management solutions , Product Manager  Enterprise Risk Management solutions ,1000,y,,,
Marketing Advisor , Marketing Advisor ,1000,y,,,
Software Developer , Software Developer ,1000,y,,,
Electrical Engineer, Quality Engineer ,85,n,,,
Research Scientist , Research Scientist ,1000,y,,,
Director, UI / UX ,85,n,59,,
Data Architect/PostgreSQL DBA , Data Architect/PostgreSQL DAB ,97,y,,,
Senior Student Computer Helpdesk Technician , Senior Student Computer Helpdesk Technician ,100,n,,,
SharePoint Project Manager , Share Point Project Manager ,98,y,,,
National Account Manager , National Account Manager ,1000,y,,,
Community / Project Manager, Sovereign ,58,n,,,
Sr. Yield Optimizer , Sr Yield Optimizer ,1000,y,,,
Engineer Mechanical Maintenance , Engineer Mechanical Maintenance ,1000,y,,,
Estimation / Planning Engineer , Estimation  Planning Engineer ,1000,y,,,
Senior Hardware Engineer/Lead Microarchitect and ASIC Designer , Senior Hardware Engineer/Lead Microarchitect and ASIC Designer ,100,n,,,
Chief Architect &amp; CTO , Chief Architect &amp; chief technology officer  ,61,y,,,
ETL &amp; OBIEE Solution Architect , ETL &amp; Oracle Business Intelligence Enterprise Edition  Solution Architect ,61,y,,,
Network Engineer , Network Engineer ,1000,y,,,
Information Systems Manager , Information Systems Manager ,1000,y,,,
Sr. Network Architect , Sr Network Architect ,1000,y,,,
Sr. Program Manager Display Advertising , Sr Program Manager Display Advertising ,1000,y,,,
Global Head of Solutions Architecture , Global Head of Solutions Architecture ,1000,y,,,
Software Engineer , Software Engineer ,1000,y,,,
Creator , Creator ,1000,y,,,
Senior / Lead Programmer , Senior  Lead Programmer ,1000,y,,,
Developer, Co-Founder ,  ,n,,,
HR Business Partner , HR Business Partner ,1000,y,,,
Sr Firmware Engineer , Sr Firmware Engineer ,1000,y,,,
HSE Manager , HSE Manager ,100,n,,,
Technical Advisor , Technical Advisor ,1000,y,,,
EPiServer Consultant ,  ,0,n,,,
Applications Development Manager , Applications Development Manager ,1000,y,,,
Web Designer , Web Designer ,1000,y,,,
Sr Web Developer , Sr Web Developer ,1000,y,,,
Verification Architect , Verification Architect ,1000,y,,,
Security Consultant , Security Consultant ,1000,y,,,
General Manager Oils Europe , General Manager Oils Europe ,1000,y,,,
Recruiter , Recruiter ,1000,y,,,
Marketing Communications Manager , Marketing Communications Manager ,1000,y,,,
Financial Controller , Financial Controller ,1000,y,,,
Associate Consultant , Associate Consultant ,1000,y,,,
Sr. Account Executive , Sr Account Executive ,1000,y,,,
Senior HR Operations Manager , Senior HR Operations Manager ,1000,y,,,
Technology Helpline Analyst , Technology Helpline Analyst ,1000,y,,,
New Business Sales , New Business Sales ,1000,y,,,
XSLT/HTML developer ,  ,0,n,,,
Sr Ip Engineer ,  ,0,n,,,
Principal Application Engineer , Principal Application Engineer ,1000,y,,,
Senior Database Administrator , Senior Database Administrator ,1000,y,,,
Computer Operator , Computer Operator ,1000,y,,,
Senior Account Manager , Senior Account Manager ,1000,y,,,
Program Manager , Program Manager ,1000,y,,,
Senior Infrastructure Engineer , Senior Infrastructure Engineer ,1000,y,,,
Senior CSR: Community Support Representative/Customer Service Representative ,  ,0,n,,,
Network Engineer , Network Engineer ,1000,y,,,
Network Administrator for Subscriber Network , Network Administrator for Subscriber Network ,1000,y,,,
Embedded Systems/firmware Engineer ,  ,0,n,,,
Sales Leader Strategic accounts , Sales Leader Strategic accounts ,1000,y,,,
Staff Firmware Engineer , Staff Firmware Engineer ,1000,y,,,
Designer , Designer ,1000,y,,,
Sr. Hr Consultant , Sr Hr Consultant ,1000,y,,,
DBA Team Leader , DAB Team Leader ,93,y,,,
Consultant , Consultant ,1000,y,,,
Senior Mechanical Engineer (Static Equipment) , Senior Mechanical Engineer Static Equipment ,1000,y,,,
Facilities and Process Engineer Offshore and Onshore , Facilities and Process Engineer Offshore and Onshore ,1000,y,,,
Sr. Mechanical Engineer , Sr Mechanical Engineer ,1000,y,,,
Product Marketing Specialist , Product Marketing Specialist ,1000,y,,,
MSc exam work ,  ,0,n,,,
Senior Business Consultant , Senior Business Consultant ,1000,y,,,
Scientific Recruiter , Scientific Recruiter ,1000,y,,,
IT Manager , IT Manager ,1000,y,,,
Recruiter , Recruiter ,1000,y,,,
Internationalization Software Engineer , Internationalization Software Engineer ,1000,y,,,
Senior Web Developer , Senior Web Developer ,1000,y,,,
Project Manager/Subject Matter Expert ,  ,0,n,,,
Advertising Operations Manager , Advertising Operations Manager ,1000,y,,,
Application Developer , Application Developer ,1000,y,,,
Software Developer , Software Developer ,1000,y,,,
Recruiter , Recruiter ,1000,y,,,
 Project Manager amp Editor Microsoft Press , Project Manager amp Editor Microsoft Press ,100,n,,,
Loan Agent , Loan Agent ,1000,y,,,
Staffing Specialist , Staffing Specialist ,1000,y,,,
System Engineer - ITSM (ServiceNow) Developer , System Engineer - ITSM (Service Now) Developer ,99,y,,,
Co-Founder/Director of Recruiting ,  ,0,n,,,
Senior IT Business Analyst, Risk &amp; Trading ,54,n,,,
QA Compliance , QA Compliance ,1000,y,,,
Supplier Quality Engineer , Supplier Quality Engineer ,1000,y,,,
Computer Programmer , Computer Programmer ,1000,y,,,
Web Strategist , Web Strategist ,1000,y,,,
Equity Consultant , Equity Consultant ,1000,y,,,
Naval Architect , Naval Architect ,1000,y,,,
Credit Suisse EMEA Account Delivery Manager - ADM , Credit Suisse EMEA Account Delivery Manager - ADM ,100,n,,,
European Business Development Manager , European Business Development Manager ,1000,y,,,
Advertising Operations , Advertising Operations ,1000,y,,,
Database Administrator , Database Administrator ,1000,y,,,
Software Developer , Software Developer ,1000,y,,,
Bay Area Sales Manager , Bay Area Sales Manager ,1000,y,,,
Head of Oil &amp; Gas Trading , Head of Oil amp Gas Trading ,1000,y,,,
Sr. Associate, Business Analytics ,84,n,,,
Software Engineer , Software Engineer ,1000,y,,,
Fuel Oil Trader , Fuel Oil Trader ,1000,y,,,
Software Developer , Software Developer ,1000,y,,,
Senior Billing/Tools Developer ,  ,0,n,,,
Advisory Software Engineer , Advisory Software Engineer ,1000,y,,,
Lead Consultant , Lead Consultant ,1000,y,,,
Solution Architect , Solution Architect ,1000,y,,,
.Net Developer , Net Developer ,1000,y,,,
Freelance Writer &amp; Editor , Freelance Writer amp Editor ,1000,y,,,
Sr. Network Engineer (Team Lead - Europe) , Sr Network Engineer Team Lead  Europe ,1000,y,,,
Test Engineer/Program Support Manager ,  ,0,n,,,
 Tier 3 Tier 2 , Tier 2 ,58,n,,,
Automation Software Engineer , Automation Software Engineer ,1000,y,,,
Programmer , Programmer ,1000,y,,,
Artist , Artist ,1000,y,,,
Consultant , Consultant ,1000,y,,,
Asset builder , Asset builder ,1000,y,,,
Program Manager , Program Manager ,1000,y,,,
Contracts Specialist - Semi Submersible Drilling Rigs , Contracts Specialist  Semi Submersible Drilling Rigs ,1000,y,,,
 Director Technical , Director Technical ,1000,n,,,
Compensation Analyst , Compensation Analyst ,1000,y,,,
Oracle developer , Oracle developer ,1000,y,,,
Junior Linux System Administrator , Junior Linux System Administrator ,1000,y,,,
EMEA Alliances Manager , EMEA Alliances Manager ,100,n,,,
 Engineering Director, Engineering Director,1000,n,100,,
Software Development Engineer , Software Development Engineer ,1000,y,,,
Controller , Controller ,1000,y,,,
Project Qa Manager , Project QA Manager ,94,y,,,
Online Sales &amp; Operations , Online Sales &amp; Operations ,100,n,,,
Business Development Consultant , Business Development Consultant ,1000,y,,,
Cross-project Oracle and Unix expert; System Integrator ,  ,0,n,,,
Solution Architect , Solution Architect ,1000,y,,,
Systems Engineer , Systems Engineer ,1000,y,,,
Validation Engineer , Validation Engineer ,1000,y,,,
 Manager Global Reg Affairs , Manager Global Reg Affairs ,1000,n,,,
Senior Software Developer , Senior Software Developer ,1000,y,,,
Programmer , Programmer ,1000,y,,,
Senior Safety Engineer &ndash; HSE Advisor , Senior Safety Engineer &ndash; HSE Advisor ,100,n,,,
Executive Compensation Consultant , Executive Compensation Consultant ,1000,y,,,
Android developer , Android developer ,1000,y,,,
 Senior Executive Commercial and Business Development , Senior Executive Commercial and Business Development ,1000,n,,,
Head of Pre-Sales , Head of Pre-Sales ,100,n,,,
GPO PSCM Contract Execution Manager ,  ,0,n,,,
Validation Engineer , Validation Engineer ,1000,y,,,
Art Director , Art Director ,1000,y,,,
System Specialist , System Specialist ,1000,y,,,
Java Developer , Java Developer ,1000,y,,,
Executive Assistant to Commercial Director , Executive Assistant to Commercial Director ,1000,y,,,
Treasury Controller , Treasury Controller ,1000,y,,,
Client Services Representative , Client Services Representative ,1000,y,,,
Executive Compensation Consultant , Executive Compensation Consultant ,1000,y,,,
Game Designer , Game Designer ,1000,y,,,
Senior Linux Administrator , Senior Linux Administrator ,1000,y,,,
Service Delivery Manager , Service Delivery Manager ,1000,y,,,
Senior Cost Engineer , Senior Cost Engineer ,1000,y,,,
Project Manager , Project Manager ,1000,y,,,
Call Center Supervisor , Call Center Supervisor ,1000,y,,,
Pre-Sales , Pre-Sales ,100,n,,,
Business Development and Marketing , Business Development and Marketing ,1000,y,,,
Validation Consultant , Validation Consultant ,1000,y,,,
Network and Security Consultant , Network and Security Consultant ,1000,y,,,
Senior Scientific Systems Business Analyst,Senior Scientific Systems Business Analyst,1000,y,,,
Outsoucing Sales Executive,Outsoucing Sales Executive,99,y,,,
Sales Manager , Sales Manager ,1000,y,,,
Director of Partners &amp; Alliances , Director of Partners amp Alliances ,1000,y,,,
IT Security Manager , IT Security Manager ,1000,y,,,
IT Support Supervisor , IT Support Supervisor ,1000,y,,,
Informix Specialist ,  ,0,n,,,
Senior Validation Engineer , Senior Validation Engineer ,1000,y,,,
Technical Recruiter , Technical Recruiter ,1000,y,,,
Technical Support Engineer , Technical Support Engineer ,1000,y,,,
Senior Validation Engineer , Senior Validation Engineer ,1000,y,,,
 Project Manager Installation  Service , Project Manager Installation  Service ,1000,n,,,
Asst. HR Manager , Asst HR Manager ,1000,y,,,
Principal Security Architect , Principal Security Architect ,1000,y,,,
Principal Software Engineer , Principal Software Engineer ,1000,y,,,
Technical Leader , Technical Leader ,1000,y,,,
Project Control Engineer , Project Control Engineer ,1000,y,,,
Account Executive , Account Executive ,1000,y,,,
QA Team Leader , QA Team Leader ,1000,y,,,
Environment Artist , Environment Artist ,1000,y,,,
Assistant Content Producer for Drama Programme Support , Assistant Content Producer for Drama Programmer Support ,99,y,,,
Account Manager , Account Manager ,1000,y,,,
IT Sourcing and Contract Management Dept. ( Contract ) , IT Sourcing and Contract Management Dept  Contract  ,1000,y,,,
Senior Web Designer (contract assignment) , Senior Web Designer contract assignment ,1000,y,,,
Information Security Consultant , Information Security Consultant ,1000,y,,,
 Database Engineering , Database Engineering ,1000,y,,,
 Database Engineering , Database Engineering ,1000,y,,,
Automation Validation Engineer , Automation Validation Engineer ,1000,y,,,
Xbox 360 Compliance Games Tester ,  ,0,n,,,
SAP BW Consultant , SAP BE Consultant ,94,y,,,
Marketing Intern , Marketing Intern ,1000,y,,,
Senior Quality Officer , Senior Quality Officer ,1000,y,,,
QA Manager Chemical Production , QA Manager Chemical Production ,1000,y,,,
Senior Manager /Team Leader COQA ,  ,0,n,,,
Identity and Access Management Consultant , Identity and Access Management Consultant ,1000,y,,,
Systems Engineer , Systems Engineer ,1000,y,,,
Mobile Software Engineer , Mobile Software Engineer ,1000,y,,,
Production Manager , Production Manager ,1000,y,,,
IT Intern , IT Intern ,1000,y,,,
Various Field Sales Roles,Various Field Sales Roles,1000,y,,,
Senior Database Market Analyst , Senior Database Market Analyst ,1000,y,,,
Web &amp; iOS developer , Web &amp; iOS developer ,100,n,,,
Public Sector Account Manager , Public Sector Account Manager ,1000,y,,,
Hardware Engineer , Hardware Engineer ,1000,y,,,
Quality Coordinator , Quality Coordinator ,1000,y,,,
Project Manager , Project Manager ,1000,y,,,
Marketing Associate , Marketing Associate ,1000,y,,,
Senior Producer , Senior Producer ,1000,y,,,
Construction Temp , Construction Temp ,1000,y,,,
Plant Finance Manager , Plant Finance Manager ,1000,y,,,
Student Intern , Student Intern ,1000,y,,,
Regional Sales Manager , Regional Sales Manager ,1000,y,,,
Project Planner , Project Planner ,1000,y,,,
 Senior Editor, Senior Editor,1000,y,,,
Freelance Illustrator/Comic Artist ,  ,0,n,,,
Creative Designer Lead , Creative Designer Lead ,1000,y,,,
VP Sales , VP Sales ,1000,y,,,
Project Manager , Project Manager ,1000,y,,,
WUI Designer ,  ,0,n,,,
Senior Business Insights Analyst - Internet Marketing , Senior Business Insights Analyst  Internet Marketing ,1000,y,,,
Senior Software Engineer , Senior Software Engineer ,1000,y,,,
Principal Software Engineer , Principal Software Engineer ,1000,y,,,
Software Developer , Software Developer ,1000,y,,,
CRA Manager ,  ,0,n,,,
Software Developer , Software Developer ,1000,y,,,
 Sales Training , Sales Training ,1000,y,,,
Interactive Media Coordinator , Interactive Media Coordinator ,1000,y,,,
Database Operations Consultant , Database Operations Consultant ,1000,y,,,
Account Manager , Account Manager ,1000,y,,,
Marketing specialist/ Head of marketing group , Marketing specialist Head of marketing group ,1000,y,,,
Financial Analyst &amp; Royalty acctountant , Financial Analyst &amp; Royalty accountant ,99,y,,,
Lead UI Designer , Lead User interface Designer ,68,y,,,
McBride/Rossin Campaign Earned Media Director ,  ,0,n,,,
Senior Analytics and Optimizaiton Manager ,  ,0,n,,,
Cerner Subject Matter Expert (SME) Functional , Cerner Subject Matter Expert (TIME) Functional ,97,y,,,
Lead Graphic Designer , Lead Graphic Designer ,1000,y,,,
Marketing Assistant , Marketing Assistant ,1000,y,,,
Supply Chain and Forecasting Manager , Supply Chain and Forecasting Manager ,1000,y,,,
Head Web Architect , Head Web Architect ,1000,y,,,
Senior Regulatory Affairs Executive , Senior Regulatory Affairs Executive ,1000,y,,,
Escalation Engineer (CPR) for BizTalk/IIS/Internet Servers ,  ,0,n,,,
QA Test Consultant(TCM) ,  ,0,n,,,
Business Assurance Manager , Business Assurance Manager ,1000,y,,,
UX Designer , User experience design Designer ,48,y,,,
Quality Manager , Quality Manager ,1000,y,,,
Customer Service Manager , Customer Service Manager ,1000,y,,,
Sales Manager , Sales Manager ,1000,y,,,
TSS Security Manager ,  ,0,n,,,
Art Director , Art Director ,1000,y,,,
Senior Director Manufacturing Technology , Senior Director Manufacturing Technology ,1000,y,,,
Program Director , Program Director ,1000,y,,,
Chief Operations Director , Chief Operations Director ,1000,y,,,
Production Control Specialist , Production Control Specialist ,1000,y,,,
Project Manager , Project Manager ,1000,y,,,
Engine Programmer , Engine Programmer ,1000,y,,,
Analyst - Equities Risk Analytics , Analyst  Equities Risk Analytics ,1000,y,,,
Intern , Intern ,1000,y,,,
Senior Reservoir Geophysicist , Senior Reservoir Geophysicist ,1000,y,,,
Executive Director , Executive Director ,1000,y,,,
Sr.FAE ,  ,0,n,,,
Network &amp; Security Engineer , Network amp Security Engineer ,1000,y,,,
Manager of Video Art Department , Manager of Video Art Department ,1000,y,,,
Field Application Engineer , Field Application Engineer ,1000,y,,,
Information Manager - Capital Productivity - BP Group Technology ,  ,0,n,,,
Senior Application Engineer , Senior Application Engineer ,1000,y,,,
Automation &amp; IT Validation &amp; Compliance Consultant , Automation amp IT Validation amp Compliance Consultant ,1000,y,,,
Director Retention Marketing and E-mail Operations , Director Retention Marketing and Email Operations ,1000,y,,,
Designer , Designer ,1000,y,,,
Marketing Consultant: Brand and Consumer Marketing , Marketing Consultant Brand and Consumer Marketing ,1000,y,,,
Operation Manager Completions Angola , Operation Manager Completions Angola ,1000,y,,,
Systems Engineer , Systems Engineer ,1000,y,,,
Product manager , Product manager ,1000,y,,,
Web Development Intern , Web Development Intern ,1000,y,,,
Security Operations Engr ,  ,0,n,,,
Scientist , Scientist ,1000,y,,,
Senior Marketing Manager / Director of Global Expansion Team , Senior Marketing Manager  Director of Global Expansion Team ,1000,y,,,
Adjunct Professor , Adjunct Professor ,1000,y,,,
Project Manager , Project Manager ,1000,y,,,
Business Development Manager (BDM) ,  ,0,n,,,
Principal Technical Consultant , Principal Technical Consultant ,1000,y,,,
Software Developer , Software Developer ,1000,y,,,
Research Technician , Research Technician ,1000,y,,,
Php Developer And Deployment Manager ,  ,0,n,,,
Developer , Developer ,1000,y,,,
Software Engineer , Software Engineer ,1000,y,,,
 Senior Director Database Marketing , Senior Director Database Marketing ,1000,y,,,
Sr. Java Developer , Sr Java Developer ,1000,y,,,
Research &amp; Development Engineer , Research amp Development Engineer ,1000,y,,,
Front End Web Developer , Front End Web Developer ,1000,y,,,
 Office Communications , Office Communications ,1000,y,,,
Areamanager , Area manager ,96,y,,,
Creative Services Design , Creative Services Design ,1000,y,,,
FX Derivatives Product Sales , FX Derivatives Product Sales ,100,n,,,
Senior Information Security Officer , Senior Information Security Officer ,1000,y,,,
Network Services Manager , Network Services Manager ,1000,y,,,
Firmware Engineer, SSDs ,  ,n,,,
Service Development Manager , Service Development Manager ,1000,y,,,
 Manager Enterprise Analytics , Manager Enterprise Analytics ,1000,n,,,
Lead HMI Developer ,  ,0,n,,,
Lead Technical Analyst , Lead Technical Analyst ,1000,y,,,
Software Engineer , Software Engineer ,1000,y,,,
Economist , Economist ,1000,y,,,
Technical Architect , Technical Architect ,1000,y,,,
Sr. Storage Product Planner , Sr Storage Product Planner ,1000,y,,,
Freelance Designer , Freelance Designer ,1000,y,,,
Software Engineer , Software Engineer ,1000,y,,,
QA Executive , QA Executive ,1000,y,,,
 Director Legal amp Business Affairs , Director Legal amp Business Affairs ,1000,y,,,
UK Head of Payment Solutions , UK Head of Payment Solutions ,1000,y,,,
Head Quality Assurance , Head Quality Assurance ,1000,y,,,
Sr. Interaction Designer , Sr Interaction Designer ,1000,y,,,
Senior .NET Engineer , Senior NET Engineer ,1000,y,,,
Software Engineer , Software Engineer ,1000,y,,,
Publications Editor , Publications Editor ,1000,y,,,
Trade Mark Consultant , Trade Mark Consultant ,1000,y,,,
QA , QA ,1000,y,,,
Recruiting Director North Asia , Recruiting Director North Asia ,1000,y,,,
Resort Representative , Resort Representative ,1000,y,,,
Co-Founder ,  ,0,n,,,
IT Recruitment Consultant , IT Recruitment Consultant ,1000,y,,,
Consultant , Consultant ,1000,y,,,
UI Artist , User interface Artist ,53,y,,,
SDET &amp; Module Lead , Software Development Engineer in Test &amp; Module Lead ,57,y,,,
Director of Customer Marketing , Director of Customer Marketing ,1000,y,,,
Interaction Designer , Interaction Designer ,1000,y,,,
Manager QC Microbiology And Packaging Components , Manager QC Microbiology And Packaging Components ,100,n,,,
Electrical Engineer , Electrical Engineer ,1000,y,,,
Interactive Designer , Interactive Designer ,1000,y,,,
Project Manager , Project Manager ,1000,y,,,
Financial Manager : Group Services , Financial Manager  Group Services ,1000,y,,,
Media Sales Executive , Media Sales Executive ,1000,y,,,
Software Engineer , Software Engineer ,1000,y,,,
Network Engineer , Network Engineer ,1000,y,,,
Head of Legal , Head of Legal ,1000,y,,,
Chair , Chair ,1000,y,,,
 Case Management Group in Drug Safety , Case Management Group in Drug Safety ,1000,y,,,
Research Scientist and Fellow , Research Scientist and Fellow ,1000,y,,,
Producer , Producer ,1000,y,,,
Co-founder &amp; CTO , Co-founder &amp; chief technology officer  ,55,y,,,
Manager of Wintel/Unix ,  ,0,n,,,
Senior Developer , Senior Developer ,1000,y,,,
Multimedia Consultant , Multimedia Consultant ,1000,y,,,
Human Resources Generalist , Human Resources Generalist ,1000,y,,,
Interaction Designer &amp; Digital Media Consultant , Interaction Designer amp Digital Media Consultant ,1000,y,,,
Analytical Development Chemist , Analytical Development Chemist ,1000,y,,,
Senior System Application Engineer - Digital-TV &amp; Set-Top-Box ,  ,0,n,,,
Developer , Developer ,1000,y,,,
Level Designer / Prop Artist , Level Designer  Prop Artist ,1000,y,,,
 Producer New Media , Producer New Media ,1000,y,,,
Sr Systems Architect , Sr Systems Architect ,1000,y,,,
Project Services Manager , Project Services Manager ,1000,y,,,
Senior Developer , Senior Developer ,1000,y,,,
UX Designer , User experience design Designer ,48,y,,,
Human Resources Manager , Human Resources Manager ,1000,y,,,
Project Manager and User Experience Lead , Project Manager and User Experience Lead ,1000,y,,,
Senior Software Engineer , Senior Software Engineer ,1000,y,,,
Laboratory Technician QA Consumer Products Department , Laboratory Technician QA Consumer Products Department ,1000,y,,,
Assistant Controller , Assistant Controller ,1000,y,,,
SAP MM/WM Sr. Functional Consultant ,  ,0,n,,,
Illustrator freelance , Illustrator freelance ,1000,y,,,
Qa Compliance Manager , QA Compliance Manager ,95,y,,,
Software Engineer , Software Engineer ,1000,y,,,
Systems Infrastructure Architect , Systems Infrastructure Architect ,1000,y,,,
Drilling Supervisor , Drilling Supervisor ,1000,y,,,
Technical Writer , Technical Writer ,1000,y,,,
Senior UI/UX Designer , Senior UI/User experience design Designer ,65,y,,,
Systems Engineer (Internship) , Systems Engineer Internship ,1000,y,,,
Sr PHP/MySQL Software Developer / Programmer , Sr PHP/MySQL Software Developer / Programmer ,100,n,,,
Chief Economist , Chief Economist ,1000,y,,,
Technical Consultant , Technical Consultant ,1000,y,,,
Administrative Assistant II , Administrative Assistant II ,1000,y,,,
Technical Lead , Technical Lead ,1000,y,,,
 IBM Global Business Services Consultant , IBM Global Business Services Consultant ,99,y,,,
Associate Art Coordinator For Gillette , Associate Art Coordinator For Gillette ,1000,y,,,
QC Senior Analyst - Product analysis group , QC Senior Analyst - Product analysis group ,100,n,,,
Sales Manager - Finance , Sales Manager  Finance ,1000,y,,,
Technical Lead , Technical Lead ,1000,y,,,
General Manager , General Manager ,1000,y,,,
Web Analyst , Web Analyst ,1000,y,,,
Interaction Designer , Interaction Designer ,1000,y,,,
 Interaction Designer , Interaction Designer ,1000,y,,,
VMware Cloud Engineer , VMware Cloud Engineer ,100,n,,,
Game Designer and Developer , Game Designer and Developer ,1000,y,,,
QC Chemist , QC Chemist ,100,n,,,
Linux Team Manager , Linux Team Manager ,1000,y,,,
Lead Gameplay Designer , Lead Gameplay Designer ,100,n,,,
Engineer , Engineer ,1000,y,,,
Systems Developer , Systems Developer ,1000,y,,,
Vice President , Vice President ,1000,y,,,
Confidential , Confidential ,1000,y,,,
Principal Web Software Engineer , Principal Web Software Engineer ,1000,y,,,
Technical Solution Sales , Technical Solution Sales ,1000,y,,,
Director Of Custom Solutions Centre , Director Of Custom Solutions Center ,97,y,,,
Infrastructure Manager , Infrastructure Manager ,1000,y,,,
Project Manager , Project Manager ,1000,y,,,
Technical Consultant , Technical Consultant ,1000,y,,,
QC Microbiology Analyst(product testing) , QC Microbiology Analyst(product testing) ,100,n,,,
Site Admin , Site administrator ,64,y,,,
Consultant , Consultant ,1000,y,,,
Web Consultant , Web Consultant ,1000,y,,,
Offshore HSQE Drilling Advisor / Consultant ,  ,0,n,,,
Training Manager , Training Manager ,1000,y,,,
Lean Project Manager - QC QA , Lean Project Manager - QC QA ,100,n,,,
Product Line Manager, Emerging Technology Group ,1000,n,,,
Back-end developer / Agile practitioner ,  ,0,n,,,
Web Developer , Web Developer ,1000,y,,,
Communications Network Switch Operator , Communications Network Switch Operator ,1000,y,,,
Global Project Lead , Global Project Lead ,1000,y,,,
Senior Software Engineer , Senior Software Engineer ,1000,y,,,
Marketing Communications Intern ✔ Social Media Marketing ✔ Sales Enablement ,  ,0,n,,,
Proofreader/Computer Graphics Editor ,  ,0,n,,,
Design I Teacher&rsquo;s Assistant ,  ,0,n,,,
Project Manager , Project Manager ,1000,y,,,
Butcher , Butcher ,1000,y,,,
 Head of APAC Sales and Client Services , Head of APAC Sales and Client Services ,1000,n,,,
Member of Technical Staff , Member of Technical Staff ,1000,y,,,
APPICATION DEVELOPER/INTEGRATOR , APPLICATION DEVELOPER/INTEGRATOR ,98,y,,,
Free-lance translator , Freelance translator ,1000,y,,,
User Experience Designer and Developer , User Experience Designer and Developer ,1000,y,,,
Field force trainer , Field force trainer ,1000,y,,,
Ingredient Technologist , Ingredient Technologist ,1000,y,,,
Microbiologist , Microbiologist ,1000,y,,,
Quality Control Analysis , Quality Control Analysis ,1000,y,,,
Superintendent Reservoir/Petroleum Engineer, Reservoir Department ,  ,n,,,
Sr. Project Process Manager , Sr Project Process Manager ,1000,y,,,
Financial Analyst , Financial Analyst ,1000,y,,,
Network consultant , Network consultant ,1000,y,,,
Internal Diversity Consultant , Internal Diversity Consultant ,1000,y,,,
Contract Lighting Artist , Contract Lighting Artist ,1000,y,,,
Sr. Manager , Sr Manager ,1000,y,,,
Project Manager , Project Manager ,1000,y,,,
Art Director , Art Director ,1000,y,,,
Director , Director ,1000,y,,,
Systems Administrator , Systems Administrator ,1000,y,,,
Engineer , Engineer ,1000,y,,,
Creative Director , Creative Director ,1000,y,,,
Textile Artist , Textile Artist ,1000,y,,,
Program Manager , Program Manager ,1000,y,,,
Software Engineer , Software Engineer ,1000,y,,,
Senior Software Engineer , Senior Software Engineer ,1000,y,,,
Marketing/Product Manager ,  ,0,n,,,
Stimulation Engineer , Stimulation Engineer ,1000,y,,,
SYSTEM ADMINISTRATOR , SYSTEM ADMINISTRATOR ,1000,y,,,
Java Developer , Java Developer ,1000,y,,,
Programme Manager (Telephony) , Programmer Manager (Telephony) ,98,y,,,
Framework Architect/program Manager ,  ,0,n,,,
Technical Program Manager , Technical Program Manager ,1000,y,,,
Digital Senior Art Director , Digital Senior Art Director ,1000,y,,,
Internal Diversity Consultant , Internal Diversity Consultant ,1000,y,,,
Contract Lighting Artist , Contract Lighting Artist ,1000,y,,,